,designation,code,logD_median,delta_D,logT1_median,eps_median,eps_W1W2_median,eps_W1_median,eps_W2_median,p_median,p_W1W2_median,p_W1_median,p_W2_median
0,25916,run0,3.6905557564363836,0.0,2.586669606033436,0.8763045081751628,,,,0.32209079066840574,,,
1,25916,run1,3.680738298044278,-2.235194272050328,2.588923771880554,,0.8737063350723746,,,,0.32885617570083264,,
2,25916,run3a,3.700943863386991,2.4207866052724096,2.5856074543097183,,0.884086097641728,,,,0.30182830359658797,,
3,25916,run4a,3.6837969705692455,-1.5442206855641403,2.589326385500448,,0.8770147364621688,,,,0.32024142666053423,,
4,25916,run4b,3.6632790130605484,-6.0875314033777626,2.601800669481615,,,0.9030501311482997,0.658365217276194,,,0.25244784149338173,0.8895830855595088
