,designation,code,logD_median,delta_D,logT1_median,eps_median,eps_W1W2_median,eps_W1_median,eps_W2_median,p_median,p_W1W2_median,p_W1_median,p_W2_median
0,25916,run0,3.6904289532376424,0.0,2.586703230450739,0.8764313556103576,,,,0.32176049252986083,,,
1,25916,run1,3.6815510242919762,-2.023466183936826,2.5886709102817926,,0.8741095914721231,,,,0.32780613603713166,,
2,25916,run3a,3.7009519840189835,2.452610983139939,2.5856426923392863,,0.8845048796850159,,,,0.30073783669718507,,
3,25916,run4a,3.6836057794308514,-1.5588165303913613,2.5894006606789532,,0.876879657393002,,,,0.3205931591574007,,
4,25916,run4b,3.6618824529299077,-6.361704485348418,2.60300287740945,,,0.9067346551951658,0.644083380733373,,,0.24285370636376516,0.9267715712222538
