,designation,code,logD_median,delta_D,logT1_median,eps_median,eps_W1W2_median,eps_W1_median,eps_W2_median
0,25916,run0,3.6900981815534366,0.0,2.5868166725428,0.8767988776414941,,,
1,25916,run1,3.681641669573974,-1.9283486676258959,2.5885815837564468,,0.8738133938004404,,
2,25916,run3a,3.7015281425611857,2.666784683358636,2.585444232361488,,0.8841994928936128,,
3,25916,run4a,3.683227760753044,-1.5695253861887575,2.589463876108698,,0.8768424578669768,,
4,25916,run4b,3.658423823916702,-7.03367951282813,2.604867910540619,,,0.9115104930376418,0.6224321876258799
