,designation,code,logD_median,delta_D,logT1_median,eps_median,eps_W1W2_median,eps_W1_median,eps_W2_median
0,54789,run0,3.2399258595817146,0.0,2.557991709912117,0.7400964478711147,,,
1,54789,run1,3.166949480471422,-15.467517962660413,2.57500846563052,,0.653877125082375,,
2,54789,run3a,3.1984971801123203,-9.098443320898333,2.5703313578851916,,0.6965850831204337,,
3,54789,run4a,3.176912247540183,-13.5059191388518,2.576019409503881,,0.6681379651617232,,
4,54789,run4b,3.1834920202845174,-12.185514593668255,2.5717061954528453,,,0.6715870194620459,0.8275752673865695
