,designation,code,logD_median,delta_D,logT1_median,eps_median,eps_W1W2_median,eps_W1_median,eps_W2_median,p_median,p_W1W2_median,p_W1_median,p_W2_median
0,54789,run0,3.2396006045001253,0.0,2.5581617848406584,0.7399057957883579,,,,0.6772595075771093,,,
1,54789,run1,3.1665440147314703,-15.483128982867557,2.5752509591960004,,0.6532546499728655,,,,0.9028904958717953,,
2,54789,run3a,3.1973859773404674,-9.262800143455776,2.570786595677196,,0.6954479707841033,,,,0.7930232738693805,,
3,54789,run4a,3.176031031100141,-13.616573550420046,2.5763358920935606,,0.6664817200998796,,,,0.8684485173276671,,
4,54789,run4b,3.184932073645819,-11.827842216682972,2.5711301823521175,,,0.6731646538662412,0.8404047772640353,,,0.8510468207174129,0.4155701288671024
