,designation,code,logD_median,delta_D,logT1_median,eps_median,eps_W1W2_median,eps_W1_median,eps_W2_median,p_median,p_W1W2_median,p_W1_median,p_W2_median
0,54789,run0,3.2400611827865062,0.0,2.5579550114689757,0.7403938166149451,,,,0.6759887497541751,,,
1,54789,run1,3.168297228051284,-15.231198047626231,2.5744418738607084,,0.6558408757917635,,,,0.8961562203815009,,
2,54789,run3a,3.1974622627480107,-9.343054989523964,2.5707992459488724,,0.695584979034134,,,,0.7926665179769106,,
3,54789,run4a,3.176152531901988,-13.683991500047092,2.5762981785199006,,0.6668220367431827,,,,0.8675623665464055,,
4,54789,run4b,3.1849121293741796,-11.925345827496582,2.5710535635932015,,,0.6735499156586168,0.8342958403515114,,,0.8500436372263259,0.431477194607902
