,designation,code,logD_median,delta_D,logT1_median,eps_median,eps_W1W2_median,eps_W1_median,eps_W2_median
0,90367,run0,3.230346409957768,0.0,2.5800878609635087,0.9695028793334535,,,
1,90367,run1,3.254227649259806,5.652855498730526,2.5756333723239155,,0.9751378576535383,,
2,90367,run3a,3.2782422257274817,11.659535217781526,2.5716081545543132,,0.9737250321299018,,
3,90367,run4a,3.262013783805209,7.564106454891737,2.5747827080720227,,0.9740685746971438,,
4,90367,run4b,3.2606340251810626,7.222916306167998,2.5755544426251973,,,0.9759034376594136,0.9593415226511521
