,designation,code,logD_median,delta_D,logT1_median,eps_median,eps_W1W2_median,eps_W1_median,eps_W2_median,p_median,p_W1W2_median,p_W1_median,p_W2_median
0,90367,run0,3.2301840402563218,0.0,2.580166963995939,0.9701655682809829,,,,0.07768590075318564,,,
1,90367,run1,3.2540034352138165,5.637811406155935,2.5756637814121537,,0.9738476350942247,,,,0.06809816401618021,,
2,90367,run3a,3.2776501175566115,11.549101705310292,2.571802082033668,,0.9738539595965348,,,,0.06808169563952729,,
3,90367,run4a,3.2615118525262483,7.480038238128751,2.5749581082565576,,0.9748106077118697,,,,0.06559067884243985,,
4,90367,run4b,3.261108089645402,7.380160654771693,2.5751738791726657,,,0.9738989466401091,0.9611411724326069,,,0.06796455384057459,0.10118453236236498
