,designation,code,logD_median,delta_D,logT1_median,eps_median,eps_W1W2_median,eps_W1_median,eps_W2_median,p_median,p_W1W2_median,p_W1_median,p_W2_median
0,90367,run0,3.229475992394218,0.0,2.5803492528786816,0.9716367121055022,,,,0.0738551881650716,,,
1,90367,run1,3.2544080936186264,5.908813152591334,2.575533404356329,,0.9724625524804371,,,,0.07170478174843874,,
2,90367,run3a,3.277886458303099,11.791933072909014,2.571723838134744,,0.9738438702711737,,,,0.06810796724195123,,
3,90367,run4a,3.2618121047626207,7.729864194231523,2.57480272265699,,0.9734637093284068,,,,0.06909786862663907,,
4,90367,run4b,3.260738843703968,7.463962776378889,2.5754989070240284,,,0.9763428176846918,0.960125446611193,,,0.061600956061636,0.10382938164583588
