,designation,code,logD_median,delta_D,logT1_median,eps_median,eps_W1W2_median,eps_W1_median,eps_W2_median,p_median,p_W1W2_median,p_W1_median,p_W2_median
0,90367,run0,3.229984378398536,0.0,2.580190927944484,0.9711310814372773,,,,0.07517180026881225,,,
1,90367,run1,3.254233572620434,5.742407548850497,2.5755223152401645,,0.9723485901796944,,,,0.07200152827501852,,
2,90367,run3a,3.277643881082137,11.598794331409675,2.5717523944187963,,0.9741504454943035,,,,0.06730967577182184,,
3,90367,run4a,3.2613692980578435,7.494172214539965,2.575008966284297,,0.9747372910601912,,,,0.06578158813072421,,
4,90367,run4b,3.260819776104255,7.358243589570954,2.5754464107540223,,,0.9751349270493548,0.9548271271444205,,,0.06474618345866663,0.11762567996754966
